{"batch": 0, "gloss": 485.9646301269531, "dloss": 1292.547607421875, "cliploss": -0.6083326935768127, "mseloss": 977.6754760742188, "entropy": 226.48965454101562, "_timestamp": 1662059451.4318378, "_runtime": 154.74076676368713, "_step": 0}