{"batch": 3, "gloss": 73.56343078613281, "dloss": 110.52987670898438, "cliploss": -0.610123336315155, "mseloss": 159.28768920898438, "entropy": 547.02734375, "_timestamp": 1662036179.6905358, "_runtime": 474.78064584732056, "_step": 3, "_wandb": {"runtime": 485}}