{"batch": 18, "gloss": 66.5257568359375, "_timestamp": 1662026643.0170584, "_runtime": 1178.482310295105, "_step": 94, "dloss": 27.868494033813477, "cliploss": -0.35061752796173096, "mseloss": 138.7251739501953, "entropy": 248.62120056152344, "_wandb": {"runtime": 1198}}