{"batch": 6, "gloss": 465.2710876464844, "dloss": 563.90087890625, "cliploss": -0.021112021058797836, "mseloss": 941.6722412109375, "entropy": 554.4017944335938, "_timestamp": 1662034826.9840946, "_runtime": 1784.4499945640564, "_step": 6, "_wandb": {"runtime": 2034}}