{"batch": 0, "gloss": 485.72283935546875, "dloss": 1292.5435791015625, "cliploss": -0.9419540762901306, "mseloss": 977.7548828125, "entropy": 221.2703857421875, "_timestamp": 1662059142.864958, "_runtime": 159.61446809768677, "_step": 0, "_wandb": {"runtime": 187}}