{"batch": 29, "gloss": 67.03837585449219, "dloss": 56.56049728393555, "cliploss": -3.778048515319824, "mseloss": 152.62640380859375, "entropy": 549.6771240234375, "_timestamp": 1662031775.0908923, "_runtime": 2868.496835231781, "_step": 29}