{"batch": 3, "gloss": 73.96903991699219, "dloss": 107.9229965209961, "cliploss": -0.5828660130500793, "mseloss": 160.02601623535156, "entropy": 546.1109619140625, "_timestamp": 1662037821.4797895, "_runtime": 664.4399185180664, "_step": 3, "_wandb": {"runtime": 867}}