{"batch": 4, "gloss": 8.614408493041992, "dloss": 55.18486022949219, "cliploss": -5.8952507972717285, "mseloss": 39.820858001708984, "entropy": 540.076416015625, "_timestamp": 1662061169.916505, "_runtime": 467.93866300582886, "_step": 4}