{"batch": 3, "gloss": 71.98091125488281, "dloss": 55.31708908081055, "cliploss": -0.3594396710395813, "mseloss": 155.28866577148438, "entropy": 530.3983154296875, "_timestamp": 1662057730.019217, "_runtime": 402.75898003578186, "_step": 3}