{"batch": 0, "gloss": 13.196130752563477, "dloss": 1292.659423828125, "cliploss": -4.7305707931518555, "mseloss": 40.17348861694336, "entropy": 216.00357055664062, "_timestamp": 1662061689.6587367, "_runtime": 152.52954959869385, "_step": 0, "_wandb": {"runtime": 182}}