{"batch": 0, "gloss": 405.4431457519531, "_timestamp": 1662024488.2419674, "_runtime": 72.2196934223175, "_step": 4, "dloss": 22.252649307250977, "cliploss": -0.04759316146373749, "mseloss": 812.722900390625, "entropy": 87.06805419921875, "_wandb": {"runtime": 75}}