{"batch": 0, "gloss": 487.2948913574219, "dloss": 1129.948974609375, "cliploss": 0.43394312262535095, "mseloss": 978.2020874023438, "entropy": 224.02078247070312, "_timestamp": 1662032538.5042083, "_runtime": 547.3175423145294, "_step": 0}